{"cameraMode":{"drawMode":0,"name":"Shaded","section":"Shading Mode"},"sceneLighting":false,"audioPlay":false,"sceneViewState":{"m_AlwaysRefresh":false,"showFog":true,"showSkybox":false,"showFlares":true,"showImageEffects":true,"showParticleSystems":true,"showVisualEffectGraphs":true,"m_FxEnabled":true},"in2DMode":false,"pivot":{"x":0.09399998188018799,"y":0.08799999952316284,"z":0.0260000079870224},"rotation":{"x":-0.12283255159854889,"y":0.6563780903816223,"z":-0.10950491577386856,"w":-0.7362649440765381},"size":0.7141428589820862,"orthographic":false}