{"cameraMode":{"drawMode":0,"name":"Shaded","section":"Shading Mode"},"sceneLighting":true,"audioPlay":false,"sceneViewState":{"m_AlwaysRefresh":false,"showFog":true,"showSkybox":true,"showFlares":true,"showImageEffects":true,"showParticleSystems":true,"showVisualEffectGraphs":true,"m_FxEnabled":true},"in2DMode":false,"pivot":{"x":-0.18568027019500733,"y":1.019913673400879,"z":-0.7130493521690369},"rotation":{"x":-0.008745652623474598,"y":0.7036492824554443,"z":-0.008661879226565361,"w":-0.71043860912323},"size":4.205796718597412,"orthographic":false}