{"cameraMode":{"drawMode":0,"name":"Shaded","section":"Shading Mode"},"sceneLighting":true,"audioPlay":false,"sceneViewState":{"m_AlwaysRefresh":false,"showFog":true,"showSkybox":true,"showFlares":true,"showImageEffects":true,"showParticleSystems":true,"showVisualEffectGraphs":true,"m_FxEnabled":true},"in2DMode":false,"pivot":{"x":19.990440368652345,"y":-17.114295959472658,"z":85.66665649414063},"rotation":{"x":0.04424626752734184,"y":0.6571125388145447,"z":-0.038689471781253818,"w":0.7514940500259399},"size":554.4771728515625,"orthographic":false}